truncate ticketing_category_type;INSERT INTO ticketing_category_type VALUES (1,'Domaine',1),(2,'Thématique',2),(3,'Sous-thématique',3);DROP TABLE IF EXISTS ticketing_transco_category;CREATE TABLE ticketing_transco_category (id_old INT(11) NOT NULL,id_new INT(11) NOT NULL,UNIQUE INDEX id_old_id_new (id_old, id_new));DROP TABLE IF EXISTS ticketing_transco_domain;CREATE TABLE ticketing_transco_domain (id_new INT(11) NULL DEFAULT NULL,id_old INT(11) NULL DEFAULT NULL, UNIQUE INDEX id_new_id_old (id_new, id_old));INSERT INTO ticketing_category (id_category, id_parent, label, n_order, code, id_default_assignee_unit, id_category_type, id_workflow, demand_id, help_message, is_manageable, inactive) VALUES (654,-1,'Autre',1,'SLC',-1,1,0, 0, '', 1, 0),(655,654,'Autre',1,'SLC',11,2,0, 0, '', 1,0),(2,655,'',1,'SLC',-1,3,0, 0, '', 0, 0),(678,654,'Affaires juridiques',2,'SLC',11,2,0, 0, '', 1,0),(45,678,'Autre',1,'SLC',-1,3,0, 0, '', 0, 0),(46,678,'Aide à l''accès au droit',2,'SLC',-1,3,0, 0, '', 0, 0),(124,678,'Marchés publics',3,'SLC',-1,3,0, 0, '', 0, 0),(679,654,'Appels à projets',3,'SLC',11,2,0, 0, '', 1,0),(241,679,'',1,'SLC',-1,3,0, 0, '', 0, 0),(680,654,'Associations',4,'SLC',11,2,0, 0, '', 1,0),(49,680,'Non renseigné',1,'SLC',-1,3,0, 0, '', 0, 0),(685,654,'Communication',5,'SLC',11,2,0, 0, '', 1,0),(56,685,'Site officiel de la ville de Paris (Paris.fr)',1,'SLC',-1,3,0, 0, '', 0, 0),(57,685,'Site Que faire à Paris ?',2,'SLC',-1,3,0, 0, '', 0, 0),(688,654,'Citoyenneté',6,'SLC',11,2,0, 0, '', 1,0),(60,688,'Budget participatif',1,'SLC',-1,3,0, 0, '', 0, 0),(62,688,'Carte citoyenne',2,'SLC',-1,3,0, 0, '', 0, 0),(714,654,'Institutions parisiennes et métropolitaines',7,'SLC',11,2,0, 0, '', 1,0),(125,714,'Conseil de Paris',1,'SLC',-1,3,0, 0, '', 0, 0),(126,714,'Métropole du Grand Paris',2,'SLC',-1,3,0, 0, '', 0, 0),(127,714,'Autre',3,'SLC',-1,3,0, 0, '', 0, 0),(729,654,'Relations internationales',8,'SLC',11,2,0, 0, '', 1,0),(181,729,'Appel à projet international',1,'SLC',-1,3,0, 0, '', 0, 0),(182,729,'Demande de contact',2,'SLC',-1,3,0, 0, '', 0, 0),(745,654,'Taxes et impôts',9,'SLC',11,2,0, 0, '', 1,0),(422,745,'',1,'SLC',-1,3,0, 0, '', 0, 0),(656,-1,'Stationnement',2,'SLC',-1,1,0, 0, '', 1, 0),(657,656,'Paiement du stationnement',1,'SLC',11,2,0, 0, '', 1,0),(4,657,'Réforme du Stationnement',1,'SLC',-1,3,0, 0, '', 0, 0),(215,657,'Demande de remboursement',2,'SLC',-1,3,0, 0, '', 0, 0),(216,657,'Mode d''emploi de l''horodateur',3,'SLC',-1,3,0, 0, '', 0, 0),(403,657,'P Mobile',4,'SLC',-1,3,0, 0, '', 0, 0),(404,657,'Paris carte défectueuse',5,'SLC',-1,3,0, 0, '', 0, 0),(405,657,'Horodateur défectueux',6,'SLC',-1,3,0, 0, '', 0, 0),(406,657,'Attente de remboursement de la Paris Carte',7,'SLC',-1,3,0, 0, '', 0, 0),(407,657,'Gratuité du stationnement résidentiel lors des épisodes de pollution',8,'SLC',-1,3,0, 0, '', 0, 0),(650,657,'FPS – Verbalisation pour non-paiement du stationnement',9,'SLC',-1,3,0, 0, '', 0, 0),(651,657,'Verbalisation pour stationnement gênant',10,'SLC',-1,3,0, 0, '', 0, 0),(5,656,'Non renseigné',2,'SLC',11,2,0, 0, '', 1,0),(737,656,'Stationnement longue durée',3,'SLC',11,2,0, 0, '', 1,0),(209,737,'Dans le cadre d''un déménagement',1,'SLC',-1,3,0, 0, '', 0, 0),(210,737,'Dans le cadre d''un chantier',2,'SLC',-1,3,0, 0, '', 0, 0),(211,737,'Dans le cadre d''un tournage',3,'SLC',-1,3,0, 0, '', 0, 0),(738,656,'Zones de livraison',4,'SLC',11,2,0, 0, '', 1,0),(212,738,'Où trouver un disque de livraison',1,'SLC',-1,3,0, 0, '', 0, 0),(415,738,'Demande de création de places',2,'SLC',-1,3,0, 0, '', 0, 0),(416,738,'Demande de suppression de places',3,'SLC',-1,3,0, 0, '', 0, 0),(739,656,'Zones de stationnement 2 roues',5,'SLC',11,2,0, 0, '', 1,0),(213,739,'Liste des places existantes',1,'SLC',-1,3,0, 0, '', 0, 0),(412,739,'Demande de création de places',2,'SLC',-1,3,0, 0, '', 0, 0),(413,739,'Demande de suppression de places',3,'SLC',-1,3,0, 0, '', 0, 0),(740,656,'Stationnement pour personnes handicapées',6,'SLC',11,2,0, 0, '', 1,0),(214,740,'Liste des places existantes',1,'SLC',-1,3,0, 0, '', 0, 0),(410,740,'Demande de création de places',2,'SLC',-1,3,0, 0, '', 0, 0),(411,740,'Demande de suppression de places',3,'SLC',-1,3,0, 0, '', 0, 0),(741,656,'Parcs de stationnement',7,'SLC',11,2,0, 0, '', 1,0),(217,741,'Liste des parcs concédés',1,'SLC',-1,3,0, 0, '', 0, 0),(218,741,'Tarifs spéciaux (résidents, petits rouleurs, très petits rouleurs)',2,'SLC',-1,3,0, 0, '', 0, 0),(408,741,'Problème avec le concessionnaire du parc',3,'SLC',-1,3,0, 0, '', 0, 0),(409,741,'Accessibilité',4,'SLC',-1,3,0, 0, '', 0, 0),(742,656,'Carte basse émission',8,'SLC',11,2,0, 0, '', 1,0),(219,742,'Demande de carte',1,'SLC',-1,3,0, 0, '', 0, 0),(220,742,'Conditions d''obtention',2,'SLC',-1,3,0, 0, '', 0, 0),(402,742,'Non réception de la carte',3,'SLC',-1,3,0, 0, '', 0, 0),(743,656,'Carte de stationnement professionnel',9,'SLC',11,2,0, 0, '', 1,0),(221,743,'Demande de plan de zones',1,'SLC',-1,3,0, 0, '', 0, 0),(398,743,'Non réception de la carte',2,'SLC',-1,3,0, 0, '', 0, 0),(399,743,'Erreur d''instruction (immatriculation, adresse, zones, refus injustifié)',3,'SLC',-1,3,0, 0, '', 0, 0),(400,743,'Demande de dérogation',4,'SLC',-1,3,0, 0, '', 0, 0),(401,743,'Non succession des dates de validité des cartes',5,'SLC',-1,3,0, 0, '', 0, 0),(446,743,'Paiement de la carte',6,'SLC',-1,3,0, 0, '', 0, 0),(447,743,'Dysfonctionnement du téléservice',7,'SLC',-1,3,0, 0, '', 0, 0),(465,743,'Demande de pochette porte carte',8,'SLC',-1,3,0, 0, '', 0, 0),(474,743,'Conditions d''éligibilité',9,'SLC',-1,3,0, 0, '', 0, 0),(475,743,'Changement de véhicule',10,'SLC',-1,3,0, 0, '', 0, 0),(646,743,'Carte Pro Santé',11,'SLC',-1,3,0, 0, '', 0, 0),(652,743,'Demande de carte',12,'SLC',-1,3,0, 0, '', 0, 0),(744,656,'Carte de stationnement résidentiel',10,'SLC',11,2,0, 0, '', 1,0),(222,744,'Demande de plan de zones',1,'SLC',-1,3,0, 0, '', 0, 0),(394,744,'Non réception de la carte',2,'SLC',-1,3,0, 0, '', 0, 0),(395,744,'Erreur d''instruction (immatriculation, adresse, zones, refus injustifié)',3,'SLC',-1,3,0, 0, '', 0, 0),(396,744,'Demande de dérogation',4,'SLC',-1,3,0, 0, '', 0, 0),(397,744,'Non succession des dates de validité des cartes',5,'SLC',-1,3,0, 0, '', 0, 0),(417,744,'Demande de carte',6,'SLC',-1,3,0, 0, '', 0, 0),(444,744,'Paiement de la carte',7,'SLC',-1,3,0, 0, '', 0, 0),(445,744,'Dysfonctionnement du téléservice',8,'SLC',-1,3,0, 0, '', 0, 0),(464,744,'Demande de pochette porte carte',9,'SLC',-1,3,0, 0, '', 0, 0),(477,744,'Changement de véhicule',10,'SLC',-1,3,0, 0, '', 0, 0),(478,744,'Conditions d''éligibilité',11,'SLC',-1,3,0, 0, '', 0, 0),(479,744,'Changement d''adresse',12,'SLC',-1,3,0, 0, '', 0, 0),(647,744,'Renouvellement',13,'SLC',-1,3,0, 0, '', 0, 0),(758,656,'Autocars',11,'SLC',11,2,0, 0, '', 1,0),(414,758,'Annulation/remboursement du pass autocar',1,'SLC',-1,3,0, 0, '', 0, 0),(448,758,'Dysfonctionnement du site',2,'SLC',-1,3,0, 0, '', 0, 0),(449,758,'Perte du mot de passe',3,'SLC',-1,3,0, 0, '', 0, 0),(659,-1,'facil''familles',3,'SLC',-1,1,0, 0, '', 1, 0),(660,659,'Erreur sur votre facture',1,'SLC',11,2,0, 0, '', 1,0),(7,660,'liée au tarif appliqué - Périscolaire (hors centre de loisirs)',1,'SLC',-1,3,0, 0, '', 0, 0),(8,660,'liée au tarif appliqué - Petite enfance',2,'SLC',-1,3,0, 0, '', 0, 0),(10,660,'liée au tarif appliqué - Périscolaire',3,'SLC',-1,3,0, 0, '', 0, 0),(12,660,'liée à la tranche tarifaire appliquée -  Activités culturelles',4,'SLC',-1,3,0, 0, '', 0, 0),(13,660,'liée à la période de regroupement dans les crèches',5,'SLC',-1,3,0, 0, '', 0, 0),(14,660,'liée à l''absence de votre enfant au centre de loisirs pour raisons médicales',6,'SLC',-1,3,0, 0, '', 0, 0),(15,660,'liée à la présence, à l''absence ou à l''inscription de votre enfant- Périscolaire',7,'SLC',-1,3,0, 0, '', 0, 0),(16,660,'liée à la présence, à l''absence ou à l''inscription de votre enfant - Petite enfance',8,'SLC',-1,3,0, 0, '', 0, 0),(17,660,'liée à votre inscription ou à celle de votre enfant - Activités culturelles',9,'SLC',-1,3,0, 0, '', 0, 0),(18,660,'liée à la composition de votre famille',10,'SLC',-1,3,0, 0, '', 0, 0),(19,660,'liée au destinataire de la facture ou au payeur',11,'SLC',-1,3,0, 0, '', 0, 0),(469,660,'liée au tarif appliqué - Centre de loisirs',12,'SLC',-1,3,0, 0, '', 0, 0),(471,660,'liée à la présence, à l''absence ou à l''inscription de votre enfant - Périscolaire (hors centre de loisirs)',13,'SLC',-1,3,0, 0, '', 0, 0),(472,660,'liée à la présence, à l''absence ou à l''inscription de votre enfant - Centre de loisirs',14,'SLC',-1,3,0, 0, '', 0, 0),(616,660,'liée à votre démission ou à celle de votre enfant - Activités culturelles',15,'SLC',-1,3,0, 0, '', 0, 0),(9,659,'Autre',2,'SLC',11,2,0, 0, '', 1,0),(20,659,'Plusieurs comptes facil''familles',3,'SLC',11,2,0, 0, '', 1,0),(663,659,'Problème lié au paiement de votre facture',4,'SLC',11,2,0, 0, '', 1,0),(21,663,'Autre',1,'SLC',-1,3,0, 0, '', 0, 0),(25,663,'Demande de remise gracieuse exceptionnelle',2,'SLC',-1,3,0, 0, '', 0, 0),(664,659,'Réception d''un document de la DRFIP (Trésor public)',5,'SLC',11,2,0, 0, '', 1,0),(22,664,'Réception d''un avis des sommes à payer',1,'SLC',-1,3,0, 0, '', 0, 0),(24,664,'Réception d''un avis d''opposition à tiers détenteur',2,'SLC',-1,3,0, 0, '', 0, 0),(23,659,'Factures et courriers facil''familles non reçus',6,'SLC',11,2,0, 0, '', 1,0),(666,659,'Mise à jour de vos données',7,'SLC',11,2,0, 0, '', 1,0),(26,666,'Mode de réception de votre facture',1,'SLC',-1,3,0, 0, '', 0, 0),(27,666,'Tranche tarifaire pour les activités périscolaires',2,'SLC',-1,3,0, 0, '', 0, 0),(28,666,'Prélèvement automatique',3,'SLC',-1,3,0, 0, '', 0, 0),(29,666,'Adresse électronique',4,'SLC',-1,3,0, 0, '', 0, 0),(30,666,'Adresse postale',5,'SLC',-1,3,0, 0, '', 0, 0),(31,666,'Composition de votre famille ou état civil',6,'SLC',-1,3,0, 0, '', 0, 0),(468,666,'Informations CAF',7,'SLC',-1,3,0, 0, '', 0, 0),(667,659,'Problème lié à l''utilisation du service en ligne',8,'SLC',11,2,0, 0, '', 1,0),(32,667,'Problème de connexion/mot de passe oublié',1,'SLC',-1,3,0, 0, '', 0, 0),(668,659,'Demande/remise de documents',9,'SLC',11,2,0, 0, '', 1,0),(33,668,'Relevé de situation',1,'SLC',-1,3,0, 0, '', 0, 0),(34,668,'Justificatif de paiement',2,'SLC',-1,3,0, 0, '', 0, 0),(37,668,'Relevé de frais de garde de jeunes enfants',3,'SLC',-1,3,0, 0, '', 0, 0),(669,659,'Demande d''information',10,'SLC',11,2,0, 0, '', 1,0),(35,669,'Demande de suivi',1,'SLC',-1,3,0, 0, '', 0, 0),(36,669,'Obtention d''une information',2,'SLC',-1,3,0, 0, '', 0, 0),(670,-1,'Culture et patrimoine',4,'SLC',-1,1,0, 0, '', 1, 0),(671,670,'Archives de Paris',1,'SLC',11,2,0, 0, '', 1,0),(48,671,'',1,'SLC',-1,3,0, 0, '', 0, 0),(672,670,'Bibliothèques',2,'SLC',11,2,0, 0, '', 1,0),(39,672,'Toutes bibliothèques',1,'SLC',-1,3,0, 0, '', 0, 0),(673,670,'Cinéma',3,'SLC',11,2,0, 0, '', 1,0),(235,673,'',1,'SLC',-1,3,0, 0, '', 0, 0),(674,670,'Ateliers Beaux-arts (hors facturation)',4,'SLC',11,2,0, 0, '', 1,0),(236,674,'',1,'SLC',-1,3,0, 0, '', 0, 0),(675,670,'Patrimoine et architecture',5,'SLC',11,2,0, 0, '', 1,0),(42,675,'Non renseigné',1,'SLC',-1,3,0, 0, '', 0, 0),(152,675,'Travaux et maintenance',2,'SLC',-1,3,0, 0, '', 0, 0),(154,675,'Projets de la Ville de Paris',3,'SLC',-1,3,0, 0, '', 0, 0),(676,670,'Art dans la ville',6,'SLC',11,2,0, 0, '', 1,0),(238,676,'',1,'SLC',-1,3,0, 0, '', 0, 0),(677,670,'Spectacle vivant',7,'SLC',11,2,0, 0, '', 1,0),(239,677,'',1,'SLC',-1,3,0, 0, '', 0, 0),(723,670,'Musées parisiens',8,'SLC',11,2,0, 0, '', 1,0),(340,723,'',1,'SLC',-1,3,0, 0, '', 0, 0),(766,670,'Conservatoires (hors facturation)',9,'SLC',11,2,0, 0, '', 1,0),(642,766,'',1,'SLC',-1,3,0, 0, '', 0, 0),(681,-1,'Social, santé et solidarités',5,'SLC',-1,1,0, 0, '', 1, 0),(682,681,'Autre',1,'SLC',11,2,0, 0, '', 1,0),(51,682,'',1,'SLC',-1,3,0, 0, '', 0, 0),(683,681,'Seniors',2,'SLC',11,2,0, 0, '', 1,0),(53,683,'Hébergement',1,'SLC',-1,3,0, 0, '', 0, 0),(54,683,'Activités et loisirs',2,'SLC',-1,3,0, 0, '', 0, 0),(200,683,'Aides sociales',3,'SLC',-1,3,0, 0, '', 0, 0),(201,683,'Services à domicile',4,'SLC',-1,3,0, 0, '', 0, 0),(202,683,'Canicule',5,'SLC',-1,3,0, 0, '', 0, 0),(684,681,'Insertion et solidarité',3,'SLC',11,2,0, 0, '', 1,0),(55,684,'Sans abris',1,'SLC',-1,3,0, 0, '', 0, 0),(196,684,'Lutte contre les exclusions',2,'SLC',-1,3,0, 0, '', 0, 0),(197,684,'RSA',3,'SLC',-1,3,0, 0, '', 0, 0),(198,684,'Fonds de solidarité logement',4,'SLC',-1,3,0, 0, '', 0, 0),(722,681,'Personnes en situation de handicap',4,'SLC',11,2,0, 0, '', 1,0),(203,722,'',1,'SLC',-1,3,0, 0, '', 0, 0),(730,681,'Santé environnementale',5,'SLC',11,2,0, 0, '', 1,0),(185,730,'Lutte contre les rongeurs et insectes',1,'SLC',-1,3,0, 0, '', 0, 0),(186,730,'Pollution (air intérieur et extérieur, eau, aliments, bâtiments, sols)',2,'SLC',-1,3,0, 0, '', 0, 0),(731,681,'Santé',6,'SLC',11,2,0, 0, '', 1,0),(188,731,'Plan "Paris qui sauve"',1,'SLC',-1,3,0, 0, '', 0, 0),(189,731,'Dispositif Paris Med''',2,'SLC',-1,3,0, 0, '', 0, 0),(190,731,'Nutrition',3,'SLC',-1,3,0, 0, '', 0, 0),(191,731,'Soutien psychologique',4,'SLC',-1,3,0, 0, '', 0, 0),(192,731,'Vaccination',5,'SLC',-1,3,0, 0, '', 0, 0),(193,731,'Prévention',6,'SLC',-1,3,0, 0, '', 0, 0),(194,731,'Dépistage',7,'SLC',-1,3,0, 0, '', 0, 0),(195,731,'Santé scolaire',8,'SLC',-1,3,0, 0, '', 0, 0),(732,681,'Protection de l''enfance',7,'SLC',11,2,0, 0, '', 1,0),(384,732,'',1,'SLC',-1,3,0, 0, '', 0, 0),(686,-1,'Emploi et formation',6,'SLC',-1,1,0, 0, '', 1, 0),(687,686,'Cours municipaux pour adultes (CMA)',1,'SLC',11,2,0, 0, '', 1,0),(59,687,'Information générale',1,'SLC',-1,3,0, 0, '', 0, 0),(253,687,'Absence de réponse ou candidature refusée',2,'SLC',-1,3,0, 0, '', 0, 0),(456,687,'Demande d''attestation d''assiduité',3,'SLC',-1,3,0, 0, '', 0, 0),(457,687,'Demande de certificat de compétence',4,'SLC',-1,3,0, 0, '', 0, 0),(701,686,'Travail à la Ville',2,'SLC',11,2,0, 0, '', 1,0),(79,701,'Information générale',1,'SLC',-1,3,0, 0, '', 0, 0),(183,701,'Recrutement sans concours',2,'SLC',-1,3,0, 0, '', 0, 0),(689,-1,'Propreté',7,'SLC',-1,1,0, 0, '', 1, 0),(690,689,'Déchets',1,'SLC',11,2,0, 0, '', 1,0),(63,690,'Tri',1,'SLC',-1,3,0, 0, '', 0, 0),(64,690,'Autre',2,'SLC',-1,3,0, 0, '', 0, 0),(617,690,'Collecte',3,'SLC',-1,3,0, 0, '', 0, 0),(618,690,'Compostage',4,'SLC',-1,3,0, 0, '', 0, 0),(619,690,'Traitement et recyclage',5,'SLC',-1,3,0, 0, '', 0, 0),(696,689,'Eau et assainissement',2,'SLC',11,2,0, 0, '', 1,0),(76,696,'Autre',1,'SLC',-1,3,0, 0, '', 0, 0),(624,696,'Eaux propres (potables et non potables)',2,'SLC',-1,3,0, 0, '', 0, 0),(625,696,'Eaux sales et eaux usées',3,'SLC',-1,3,0, 0, '', 0, 0),(626,696,'Patrimoine (fontaines, bassins et réservoirs)',4,'SLC',-1,3,0, 0, '', 0, 0),(627,696,'Visite publique des égoûts',5,'SLC',-1,3,0, 0, '', 0, 0),(728,689,'Propreté de la voie publique',3,'SLC',11,2,0, 0, '', 1,0),(160,728,'Autre',1,'SLC',-1,3,0, 0, '', 0, 0),(620,728,'Entretien des voies',2,'SLC',-1,3,0, 0, '', 0, 0),(621,728,'Points de collecte (colonnes à verre, conteneurs à textiles, espaces et points tri, etc.)',3,'SLC',-1,3,0, 0, '', 0, 0),(622,728,'Graffitis et affichage sauvage',4,'SLC',-1,3,0, 0, '', 0, 0),(623,728,'Objets encombrants',5,'SLC',-1,3,0, 0, '', 0, 0),(691,-1,'Déplacements et Transports',8,'SLC',-1,1,0, 0, '', 1, 0),(692,691,'Circulation',1,'SLC',11,2,0, 0, '', 1,0),(65,692,'Piétonisation ponctuelle (Paris Respire, Champs-Élysées piétons, Journée sans voiture, etc.)',1,'SLC',-1,3,0, 0, '', 0, 0),(260,692,'Sécurité routière',2,'SLC',-1,3,0, 0, '', 0, 0),(261,692,'Nuisances dues aux embouteillages, à la vitesse des véhicules',3,'SLC',-1,3,0, 0, '', 0, 0),(262,692,'Signalisation (panneaux, feux tricolores)',4,'SLC',-1,3,0, 0, '', 0, 0),(263,692,'Sens de circulation',5,'SLC',-1,3,0, 0, '', 0, 0),(693,691,'Épisodes ponctuels de pollution',2,'SLC',11,2,0, 0, '', 1,0),(66,693,'Condition du stationnement gratuit',1,'SLC',-1,3,0, 0, '', 0, 0),(67,693,'Circulation différenciée',2,'SLC',-1,3,0, 0, '', 0, 0),(266,693,'Verbalisation du stationnement',3,'SLC',-1,3,0, 0, '', 0, 0),(458,693,'Demande d''arrêté de gratuité du stationnement résidentiel',4,'SLC',-1,3,0, 0, '', 0, 0),(694,691,'Zone circulation restreinte',3,'SLC',11,2,0, 0, '', 1,0),(68,694,'Calendrier des interdictions de circuler',1,'SLC',-1,3,0, 0, '', 0, 0),(69,694,'Demande dérogation aux interdictions de circuler',2,'SLC',-1,3,0, 0, '', 0, 0),(70,694,'Vignettes crit''air',3,'SLC',-1,3,0, 0, '', 0, 0),(71,694,'Quelles aides pour changer de véhicules ?',4,'SLC',-1,3,0, 0, '', 0, 0),(695,691,'Deux roues et véhicules électriques',4,'SLC',11,2,0, 0, '', 1,0),(72,695,'Vélib''',1,'SLC',-1,3,0, 0, '', 0, 0),(73,695,'Autolib''',2,'SLC',-1,3,0, 0, '', 0, 0),(74,695,'Bornes de recharges électriques',3,'SLC',-1,3,0, 0, '', 0, 0),(75,695,'Demande de plan',4,'SLC',-1,3,0, 0, '', 0, 0),(264,695,'Pistes cyclables (mauvais état, demande création, dangerosité…)',5,'SLC',-1,3,0, 0, '', 0, 0),(265,695,'Subvention Vélo à Assistance Électrique',6,'SLC',-1,3,0, 0, '', 0, 0),(746,691,'Transport',5,'SLC',11,2,0, 0, '', 1,0),(224,746,'Incident sur la voie publique',1,'SLC',-1,3,0, 0, '', 0, 0),(225,746,'Ventes aux enchères de véhicules',2,'SLC',-1,3,0, 0, '', 0, 0),(226,746,'Autre',3,'SLC',-1,3,0, 0, '', 0, 0),(753,691,'Transports en commun',6,'SLC',11,2,0, 0, '', 1,0),(267,753,'Abris voyageurs (fonctionnement, confort, etc.)',1,'SLC',-1,3,0, 0, '', 0, 0),(697,-1,'Petite enfance, enfance et éducation',9,'SLC',-1,1,0, 0, '', 1, 0),(698,697,'Petite enfance',1,'SLC',11,2,0, 0, '', 1,0),(77,698,'Information générale',1,'SLC',-1,3,0, 0, '', 0, 0),(155,698,'Santé et prévention',2,'SLC',-1,3,0, 0, '', 0, 0),(156,698,'Crèches et autres modes de garde',3,'SLC',-1,3,0, 0, '', 0, 0),(754,697,'Écoles',2,'SLC',11,2,0, 0, '', 1,0),(269,754,'Information générale',1,'SLC',-1,3,0, 0, '', 0, 0),(699,-1,'État civil, titres d''identité et élections',10,'SLC',-1,1,0, 0, '', 1, 0),(700,699,'Élections',1,'SLC',11,2,0, 0, '', 1,0),(78,700,'Carte électorale',1,'SLC',-1,3,0, 0, '', 0, 0),(270,700,'Non renseigné',2,'SLC',-1,3,0, 0, '', 0, 0),(713,699,'État Civil',2,'SLC',11,2,0, 0, '', 1,0),(123,713,'Non renseigné',1,'SLC',-1,3,0, 0, '', 0, 0),(767,699,'Titres d''identité',3,'SLC',11,2,0, 0, '', 1,0),(648,767,'Non renseigné',1,'SLC',-1,3,0, 0, '', 0, 0),(702,-1,'Espaces verts, environnement et cimetières',11,'SLC',-1,1,0, 0, '', 1, 0),(703,702,'Espaces verts',1,'SLC',11,2,0, 0, '', 1,0),(80,703,'Propreté',1,'SLC',-1,3,0, 0, '', 0, 0),(81,703,'Mobilier',2,'SLC',-1,3,0, 0, '', 0, 0),(82,703,'Réglementation',3,'SLC',-1,3,0, 0, '', 0, 0),(83,703,'Horaires',4,'SLC',-1,3,0, 0, '', 0, 0),(84,703,'Autre',5,'SLC',-1,3,0, 0, '', 0, 0),(704,702,'Bois de Boulogne',2,'SLC',11,2,0, 0, '', 1,0),(86,704,'Propreté',1,'SLC',-1,3,0, 0, '', 0, 0),(87,704,'Mobilier et travaux',2,'SLC',-1,3,0, 0, '', 0, 0),(88,704,'Réglementation',3,'SLC',-1,3,0, 0, '', 0, 0),(89,704,'Autre',4,'SLC',-1,3,0, 0, '', 0, 0),(705,702,'Manifestations',3,'SLC',11,2,0, 0, '', 1,0),(90,705,'Autre',1,'SLC',-1,3,0, 0, '', 0, 0),(706,702,'Bois de Vincennes',4,'SLC',11,2,0, 0, '', 1,0),(92,706,'Propreté',1,'SLC',-1,3,0, 0, '', 0, 0),(93,706,'Mobilier et travaux',2,'SLC',-1,3,0, 0, '', 0, 0),(94,706,'Réglementation',3,'SLC',-1,3,0, 0, '', 0, 0),(95,706,'Autre',4,'SLC',-1,3,0, 0, '', 0, 0),(707,702,'Arbres',5,'SLC',11,2,0, 0, '', 1,0),(98,707,'Élagage et abattage',1,'SLC',-1,3,0, 0, '', 0, 0),(99,707,'Plantations',2,'SLC',-1,3,0, 0, '', 0, 0),(100,707,'Autre',3,'SLC',-1,3,0, 0, '', 0, 0),(708,702,'Faune',6,'SLC',11,2,0, 0, '', 1,0),(101,708,'Faune sauvage',1,'SLC',-1,3,0, 0, '', 0, 0),(709,702,'Flore',7,'SLC',11,2,0, 0, '', 1,0),(294,709,'',1,'SLC',-1,3,0, 0, '', 0, 0),(710,702,'Végétalisation et agriculture urbaine',8,'SLC',11,2,0, 0, '', 1,0),(103,710,'Murs et toits végétalisés',1,'SLC',-1,3,0, 0, '', 0, 0),(104,710,'Agriculture urbaine',2,'SLC',-1,3,0, 0, '', 0, 0),(105,710,'Parisculteurs',3,'SLC',-1,3,0, 0, '', 0, 0),(106,710,'Permis de végétaliser',4,'SLC',-1,3,0, 0, '', 0, 0),(107,710,'Jardins partagés',5,'SLC',-1,3,0, 0, '', 0, 0),(711,702,'Environnement',9,'SLC',11,2,0, 0, '', 1,0),(108,711,'Développement durable',1,'SLC',-1,3,0, 0, '', 0, 0),(109,711,'Climat',2,'SLC',-1,3,0, 0, '', 0, 0),(110,711,'Pollution des sols',3,'SLC',-1,3,0, 0, '', 0, 0),(111,711,'Économie circulaire',4,'SLC',-1,3,0, 0, '', 0, 0),(112,711,'Alimentation durable',5,'SLC',-1,3,0, 0, '', 0, 0),(113,711,'Bruit',6,'SLC',-1,3,0, 0, '', 0, 0),(114,711,'Téléphonie mobile',7,'SLC',-1,3,0, 0, '', 0, 0),(712,702,'Cimetières',10,'SLC',11,2,0, 0, '', 1,0),(115,712,'Cimetière du Père-Lachaise (20e)',1,'SLC',-1,3,0, 0, '', 0, 0),(116,712,'Cimetière du Montparnasse (14e)',2,'SLC',-1,3,0, 0, '', 0, 0),(117,712,'Cimetière parisien de Bagneux (92)',3,'SLC',-1,3,0, 0, '', 0, 0),(118,712,'Cimetière parisien d''Ivry (94)',4,'SLC',-1,3,0, 0, '', 0, 0),(119,712,'Cimetière parisien de Pantin (93)',5,'SLC',-1,3,0, 0, '', 0, 0),(120,712,'Cimetière parisien de Saint-Ouen (93)',6,'SLC',-1,3,0, 0, '', 0, 0),(121,712,'Cimetière parisien de Thiais (94)',7,'SLC',-1,3,0, 0, '', 0, 0),(122,712,'Bureau des concessions et autre',8,'SLC',-1,3,0, 0, '', 0, 0),(715,-1,'Sports et loisirs',12,'SLC',-1,1,0, 0, '', 1, 0),(716,715,'Jeux olympiques de 2024',1,'SLC',11,2,0, 0, '', 1,0),(320,716,'',1,'SLC',-1,3,0, 0, '', 0, 0),(733,715,'Piscines',2,'SLC',11,2,0, 0, '', 1,0),(389,733,'',1,'SLC',-1,3,0, 0, '', 0, 0),(734,715,'Tennis',3,'SLC',11,2,0, 0, '', 1,0),(390,734,'',1,'SLC',-1,3,0, 0, '', 0, 0),(735,715,'Autre',4,'SLC',11,2,0, 0, '', 1,0),(208,735,'',1,'SLC',-1,3,0, 0, '', 0, 0),(736,715,'Paris Sport Vacances',5,'SLC',11,2,0, 0, '', 1,0),(392,736,'',1,'SLC',-1,3,0, 0, '', 0, 0),(717,-1,'Logement et habitat',13,'SLC',-1,1,0, 0, '', 1, 0),(718,717,'Insalubrité et habitat indigne',1,'SLC',11,2,0, 0, '', 1,0),(321,718,'',1,'SLC',-1,3,0, 0, '', 0, 0),(719,717,'Exercer une activité dans son logement',2,'SLC',11,2,0, 0, '', 1,0),(130,719,'Changement d''usage',1,'SLC',-1,3,0, 0, '', 0, 0),(131,719,'Déclaration d''un meublé touristique',2,'SLC',-1,3,0, 0, '', 0, 0),(720,717,'Logement social',3,'SLC',11,2,0, 0, '', 1,0),(132,720,'Demande de logement social',1,'SLC',-1,3,0, 0, '', 0, 0),(140,720,'Renouvellement d''une demande',2,'SLC',-1,3,0, 0, '', 0, 0),(141,720,'Attribution d''un logement',3,'SLC',-1,3,0, 0, '', 0, 0),(142,720,'Gel  d''une demande',4,'SLC',-1,3,0, 0, '', 0, 0),(143,720,'Cotation d''une demande',5,'SLC',-1,3,0, 0, '', 0, 0),(144,720,'Demande d''échange de logement',6,'SLC',-1,3,0, 0, '', 0, 0),(145,720,'LOC''annonces',7,'SLC',-1,3,0, 0, '', 0, 0),(146,720,'LOC''agent',8,'SLC',-1,3,0, 0, '', 0, 0),(721,717,'Habitat privé',4,'SLC',11,2,0, 0, '', 1,0),(133,721,'Prêt Parcours Résidentiel / Prêt Paris Logement',1,'SLC',-1,3,0, 0, '', 0, 0),(135,721,'MULTILOC''',2,'SLC',-1,3,0, 0, '', 0, 0),(136,721,'Louez solidaire et sans risque',3,'SLC',-1,3,0, 0, '', 0, 0),(137,721,'Eco-rénovons Paris',4,'SLC',-1,3,0, 0, '', 0, 0),(147,721,'Adapter son logement au handicap',5,'SLC',-1,3,0, 0, '', 0, 0),(148,721,'Réaliser des travaux dans son logement',6,'SLC',-1,3,0, 0, '', 0, 0),(762,717,'Exercer une activité dans un logement',5,'SLC',11,2,0, 0, '', 1,0),(453,762,'Changement d''usage',1,'SLC',-1,3,0, 0, '', 0, 0),(724,-1,'Prévention et sécurité',14,'SLC',-1,1,0, 0, '', 1, 0),(157,724,'Lutte contre l''insalubrité',1,'SLC',11,2,0, 0, '', 1,0),(726,724,'Tranquillité publique',2,'SLC',11,2,0, 0, '', 1,0),(158,726,'Voie publique',1,'SLC',-1,3,0, 0, '', 0, 0),(159,724,'Non renseigné',3,'SLC',11,2,0, 0, '', 1,0),(346,724,'Fonctionnement du service',4,'SLC',11,2,0, 0, '', 1,0),(747,-1,'Urbanisme',15,'SLC',-1,1,0, 0, '', 1, 0),(227,747,'Information générale',1,'SLC',11,2,0, 0, '', 1,0),(424,747,'Dépassement d''autorisation de terrasse et d''étalage',2,'SLC',11,2,0, 0, '', 1,0),(425,747,'Publicité non conforme',3,'SLC',11,2,0, 0, '', 1,0),(749,-1,'Travaux, Aménagements, Voirie',16,'SLC',-1,1,0, 0, '', 1, 0),(750,749,'Chantiers de voirie',1,'SLC',11,2,0, 0, '', 1,0),(228,750,'Demande information sur la nature des travaux',1,'SLC',-1,3,0, 0, '', 0, 0),(426,750,'Manque d''information, de signalisation, etc.',2,'SLC',-1,3,0, 0, '', 0, 0),(427,750,'Nuisances liées au déroulement des travaux',3,'SLC',-1,3,0, 0, '', 0, 0),(428,750,'Absence de réfection à l''issue des travaux',4,'SLC',-1,3,0, 0, '', 0, 0),(466,750,'Demande d''arrêté suite à l''enlèvement du véhicule',5,'SLC',-1,3,0, 0, '', 0, 0),(645,750,'Demande d''emprise sur la voie publique-CITE',6,'SLC',-1,3,0, 0, '', 0, 0),(751,749,'Grands projets d''aménagement',2,'SLC',11,2,0, 0, '', 1,0),(229,751,'Berges de Seine, aménagement des 7 places, etc.',1,'SLC',-1,3,0, 0, '', 0, 0),(752,749,'État chaussées et trottoirs',3,'SLC',11,2,0, 0, '', 1,0),(230,752,'Demande indemnisation suite à une chute',1,'SLC',-1,3,0, 0, '', 0, 0),(231,752,'Demande indemnisation suite à l''endommagement du véhicule',2,'SLC',-1,3,0, 0, '', 0, 0),(429,752,'Infiltrations d''eau',3,'SLC',-1,3,0, 0, '', 0, 0),(476,752,'Signalement de défaut de voirie',4,'SLC',-1,3,0, 0, '', 0, 0),(761,749,'Mobilier urbain',4,'SLC',11,2,0, 0, '', 1,0),(430,761,'Bancs (demande de création, suppression, réparation, etc.)',1,'SLC',-1,3,0, 0, '', 0, 0),(431,761,'Plaques de noms de rues (demande de remplacement, de corrections, etc.)',2,'SLC',-1,3,0, 0, '', 0, 0),(432,761,'Sanisettes (demande d''installation, de fermeture, de changement d''horaires, de nettoyage, etc.)',3,'SLC',-1,3,0, 0, '', 0, 0),(433,761,'Potelets (demande de pose, suppression, réparation, etc.)',4,'SLC',-1,3,0, 0, '', 0, 0),(434,761,'Éclairage (demande de modification, de réparation, etc.)',5,'SLC',-1,3,0, 0, '', 0, 0),(755,-1,'Logement et Habitat',17,'',-1,1,0, 0, '', 1, 0),(756,755,'Logement social',1,'',11,2,0, 0, '', 1,0),(326,756,'Demande de logement social',1,'',-1,3,0, 0, '', 0, 0),(763,755,'Habitat privé',2,'',11,2,0, 0, '', 1,0),(460,763,'Louez solidaire et sans risque',1,'',-1,3,0, 0, '', 0, 0),(764,-1,'Déchets',18,'SLC',-1,1,0, 0, '', 1, 0),(765,764,'Tri',1,'SLC',11,2,0, 0, '', 1,0),(591,765,'Sans localisation',1,'SLC',-1,3,0, 0, '', 0, 0);insert into ticketing_transco_category (id_new, id_old) values (655,1),(678,45),(679,47),(680,49),(685,56),(688,60),(714,125),(729,181),(745,223),(657,4),(737,209),(738,212),(739,213),(740,214),(741,217),(742,219),(743,221),(744,222),(758,414),(660,7),(663,21),(664,22),(666,26),(667,32),(668,33),(669,35),(671,38),(672,39),(673,40),(674,41),(675,42),(676,43),(677,44),(723,151),(766,641),(682,50),(683,53),(684,55),(722,150),(730,185),(731,188),(732,199),(687,59),(701,79),(690,63),(696,76),(728,160),(692,65),(693,66),(694,68),(695,72),(746,224),(753,267),(698,77),(754,269),(700,78),(713,123),(767,648),(703,80),(704,86),(705,90),(706,92),(707,98),(708,101),(709,102),(710,103),(711,108),(712,115),(716,128),(733,204),(734,205),(735,206),(736,207),(718,129),(719,130),(720,132),(721,133),(762,453),(726,158),(750,228),(751,229),(752,230),(761,430),(756,326),(763,460),(765,591),(119,311),(103,295),(623,634),(625,636),(146,337),(146,442),(618,629),(109,301),(648,649),(111,303),(53,247),(617,628),(104,296),(101,293),(132,139),(132,324),(132,327),(132,454),(190,375),(114,306),(4,643),(4,644),(100,292),(93,285),(147,325),(137,461),(60,254),(112,304),(200,385),(200,436),(89,91),(89,281),(89,283),(86,278),(189,374),(192,377),(63,257),(63,572),(63,573),(63,574),(63,575),(63,576),(63,577),(63,578),(63,579),(63,580),(63,581),(63,582),(63,583),(63,584),(63,585),(63,586),(63,587),(63,588),(63,589),(63,590),(63,593),(63,594),(63,595),(63,596),(63,597),(63,598),(63,599),(63,600),(63,601),(63,602),(63,603),(63,604),(63,605),(63,606),(63,607),(63,608),(63,609),(63,610),(63,611),(63,612),(63,615),(222,418),(222,419),(222,420),(222,421),(80,272),(94,286),(591,592),(591,613),(591,614),(107,299),(8,11),(135,440),(135,459),(115,307),(236,639),(236,640),(98,290),(54,248),(49,243),(64,258),(64,528),(64,529),(64,530),(64,531),(64,532),(64,533),(64,534),(64,535),(64,536),(64,537),(64,538),(64,539),(64,540),(64,541),(64,542),(64,543),(64,544),(64,545),(64,546),(64,547),(64,548),(64,549),(64,550),(64,551),(64,552),(64,553),(64,554),(64,555),(64,556),(64,557),(64,558),(64,559),(64,560),(64,561),(64,562),(64,563),(64,564),(64,565),(64,566),(64,567),(64,568),(64,569),(64,570),(64,571),(83,275),(83,473),(154,343),(141,329),(87,279),(194,379),(202,387),(123,315),(201,386),(124,316),(196,381),(193,378),(125,317),(7,470),(81,273),(622,633),(92,284),(99,291),(126,318),(57,251),(62,256),(131,323),(56,250),(142,330),(621,632),(108,300),(59,437),(59,438),(59,452),(106,298),(226,423),(626,637),(152,153),(152,341),(152,342),(118,310),(195,380),(627,638),(39,234),(117,309),(2,3),(2,6),(2,58),(2,61),(2,134),(2,138),(2,149),(2,232),(2,252),(2,255),(2,259),(2,333),(2,338),(2,435),(2,443),(2,450),(2,451),(2,455),(2,462),(2,467),(145,334),(145,335),(145,336),(145,439),(620,631),(48,233),(48,242),(191,376),(88,280),(208,391),(208,393),(160,161),(160,162),(160,163),(160,164),(160,165),(160,166),(160,167),(160,168),(160,169),(160,170),(160,171),(160,172),(160,173),(160,174),(160,175),(160,176),(160,177),(160,178),(160,179),(160,180),(160,347),(160,348),(160,349),(160,350),(160,351),(160,352),(160,353),(160,354),(160,355),(160,356),(160,357),(160,358),(160,359),(160,360),(160,361),(160,362),(160,363),(160,364),(160,365),(160,366),(160,367),(160,480),(160,481),(160,482),(160,483),(76,268),(76,484),(76,485),(76,486),(76,487),(76,488),(76,489),(76,490),(76,491),(76,492),(76,493),(76,494),(76,495),(76,496),(76,497),(76,498),(76,499),(76,500),(76,501),(76,502),(76,503),(76,504),(76,505),(76,506),(76,507),(76,508),(76,509),(76,510),(76,511),(76,512),(76,513),(76,514),(76,515),(76,516),(76,517),(76,518),(76,519),(76,520),(76,521),(76,522),(76,523),(76,524),(76,525),(76,526),(76,527),(90,96),(90,282),(90,288),(143,331),(143,441),(198,383),(51,52),(51,244),(51,245),(51,246),(51,463),(188,373),(121,313),(186,187),(186,371),(186,372),(144,332),(110,302),(113,305),(120,312),(42,237),(84,85),(84,276),(84,277),(156,345),(55,249),(182,368),(619,630),(95,97),(95,287),(95,289),(82,274),(203,339),(203,388),(105,297),(140,328),(130,322),(155,344),(624,635),(122,314),(79,184),(79,271),(79,369),(197,382),(127,319),(185,370),(417,653),(45,240),(116,308);insert into ticketing_transco_domain (id_new, id_old) values (654,(select id_ticket_domain from ticketing_ticket_category where id_ticket_category=1)),(656,(select id_ticket_domain from ticketing_ticket_category where id_ticket_category=4)),(659,(select id_ticket_domain from ticketing_ticket_category where id_ticket_category=7)),(670,(select id_ticket_domain from ticketing_ticket_category where id_ticket_category=38)),(681,(select id_ticket_domain from ticketing_ticket_category where id_ticket_category=50)),(686,(select id_ticket_domain from ticketing_ticket_category where id_ticket_category=59)),(689,(select id_ticket_domain from ticketing_ticket_category where id_ticket_category=63)),(691,(select id_ticket_domain from ticketing_ticket_category where id_ticket_category=65)),(697,(select id_ticket_domain from ticketing_ticket_category where id_ticket_category=77)),(699,(select id_ticket_domain from ticketing_ticket_category where id_ticket_category=78)),(702,(select id_ticket_domain from ticketing_ticket_category where id_ticket_category=80)),(715,(select id_ticket_domain from ticketing_ticket_category where id_ticket_category=128)),(717,(select id_ticket_domain from ticketing_ticket_category where id_ticket_category=129)),(724,(select id_ticket_domain from ticketing_ticket_category where id_ticket_category=157)),(747,(select id_ticket_domain from ticketing_ticket_category where id_ticket_category=227)),(749,(select id_ticket_domain from ticketing_ticket_category where id_ticket_category=228)),(755,(select id_ticket_domain from ticketing_ticket_category where id_ticket_category=326)),(764,(select id_ticket_domain from ticketing_ticket_category where id_ticket_category=591));UPDATE ticketing_ticket tt inner join ticketing_transco_category transco on transco.id_old = tt.id_ticket_category set tt.id_ticket_category=transco.id_new;UPDATE core_admin_role_resource carr inner join ticketing_transco_domain transco on transco.id_old = carr.resource_id set carr.resource_id = transco.id_new, carr.resource_type = 'TICKET_CATEGORY' where carr.resource_type = 'TICKET_DOMAIN' and resource_id!='*';UPDATE core_admin_role_resource set resource_type = 'TICKET_CATEGORY' where resource_type = 'TICKET_DOMAIN' and resource_id='*';UPDATE ticketing_support_entity tse inner join ticketing_transco_category transco on transco.id_old = tse.id_domain set tse.id_domain = transco.id_new;UPDATE ticketing_ticket_category_input ttci inner join ticketing_transco_category transco on transco.id_old = ttci.id_ticket_category set ttci.id_ticket_category=transco.id_new;INSERT INTO ticketing_category_input  (id_category,id_input) (SELECT distinct id_ticket_category,id_input FROM ticketing_ticket_category_input);UPDATE ticketing_category_input tci inner join ticketing_ticket_category_input ttci on tci.id_category = ttci.id_ticket_category and tci.id_input=ttci.id_input set tci.pos = ttci.pos;UPDATE ticketing_category tc inner join ticketing_transco_domain transco on transco.id_new = tc.id_category  inner join ticketing_ticket_domain ttd on transco.id_old = ttd.id_ticket_domain set tc.n_order = ttd.domain_order;UPDATE ticketing_category tc inner join ticketing_transco_category transco on transco.id_new = tc.id_category inner join ticketing_ticket_category ttc on transco.id_old = ttc.id_ticket_category set tc.help_message = ttc.help_message, tc.n_order=ttc.category_order;UPDATE ticketing_category tc inner join ticketing_ticket_category ttc on tc.id_category = ttc.id_ticket_category set tc.help_message = ttc.help_message, tc.n_order=ttc.category_order;UPDATE ticketing_ticket inner join ticketing_category on (label = '' or label='-') and id_ticket_category = id_category set id_ticket_category = id_parent;DELETE from ticketing_category where (label = '' or label='-');DELETE n1 FROM core_admin_role_resource n1, core_admin_role_resource n2 WHERE n1.rbac_id > n2.rbac_id AND n1.role_key = n2.role_key AND n1.resource_type = n2.resource_type AND n1.resource_id = n2.resource_id AND n1.permission = n2.permission AND n1.resource_type = 'TICKET_CATEGORY';DELETE FROM core_admin_role_resource WHERE resource_type='TICKET_DOMAIN';ALTER TABLE core_admin_role_resource MODIFY COLUMN rbac_id INT auto_increment;insert into core_admin_role_resource ( role_key, resource_type, resource_id, permission) (select role_key, resource_type, tc.id_category as resource_id, permission  from core_admin_role_resource carr, ticketing_category tc where carr.resource_id=tc.id_parent and carr.resource_type='TICKET_CATEGORY');ALTER TABLE core_admin_role_resource CHANGE rbac_id rbac_id INT(11) NOT NULL DEFAULT '0';update ticketing_model_reponses set label_ticket_domain = (select id_category from ticketing_category where label ='Culture et patrimoine' and id_category_type=1) where label_ticket_domain='Activités culturelles';update ticketing_model_reponses set label_ticket_domain = (select id_category from ticketing_category where label ='Autre' and id_category_type=1) where label_ticket_domain='Affaires juridiques';update ticketing_model_reponses set label_ticket_domain = (select id_category from ticketing_category where label ='Autre' and id_category_type=1) where label_ticket_domain='Appels à projets';update ticketing_model_reponses set label_ticket_domain = (select id_category from ticketing_category where label ='Culture et patrimoine' and id_category_type=1) where label_ticket_domain='Archives';update ticketing_model_reponses set label_ticket_domain = (select id_category from ticketing_category where label ='Autre' and id_category_type=1) where label_ticket_domain='Associations';update ticketing_model_reponses set label_ticket_domain = (select id_category from ticketing_category where label ='État civil, titres d''identité et élections' and id_category_type=1) where label_ticket_domain='Carte d''identité et passeport';update ticketing_model_reponses set label_ticket_domain = (select id_category from ticketing_category where label ='Social, santé et solidarités' and id_category_type=1) where label_ticket_domain='Centre d''action sociale';update ticketing_model_reponses set label_ticket_domain = (select id_category from ticketing_category where label ='Autre' and id_category_type=1) where label_ticket_domain='Communication';update ticketing_model_reponses set label_ticket_domain = (select id_category from ticketing_category where label ='Emploi et formation' and id_category_type=1) where label_ticket_domain='Cours municipaux pour adultes';update ticketing_model_reponses set label_ticket_domain = (select id_category from ticketing_category where label ='Autre' and id_category_type=1) where label_ticket_domain='Citoyenneté';update ticketing_model_reponses set label_ticket_domain = (select id_category from ticketing_category where label ='Propreté' and id_category_type=1) where label_ticket_domain='Déchets';update ticketing_model_reponses set label_ticket_domain = (select id_category from ticketing_category where label ='Déplacements et Transports ' and id_category_type=1) where label_ticket_domain='Déplacements';update ticketing_model_reponses set label_ticket_domain = (select id_category from ticketing_category where label ='Propreté' and id_category_type=1) where label_ticket_domain='Eau et assainissement';update ticketing_model_reponses set label_ticket_domain = (select id_category from ticketing_category where label ='Petite enfance, enfance et éducation' and id_category_type=1) where label_ticket_domain='École, collège et centre de loisirs';update ticketing_model_reponses set label_ticket_domain = (select id_category from ticketing_category where label ='État civil, titres d''identité et élections' and id_category_type=1) where label_ticket_domain='Élections';update ticketing_model_reponses set label_ticket_domain = (select id_category from ticketing_category where label ='Emploi et formation' and id_category_type=1) where label_ticket_domain='Emploi';update ticketing_model_reponses set label_ticket_domain = (select id_category from ticketing_category where label ='Espaces verts, environnement et cimetières ' and id_category_type=1) where label_ticket_domain='Espaces verts, environnement et cimetières';update ticketing_model_reponses set label_ticket_domain = (select id_category from ticketing_category where label ='État civil, titres d''identité et élections' and id_category_type=1) where label_ticket_domain='État Civil';update ticketing_model_reponses set label_ticket_domain = (select id_category from ticketing_category where label ='Autre' and id_category_type=1) where label_ticket_domain='Finances et marchés publics';update ticketing_model_reponses set label_ticket_domain = (select id_category from ticketing_category where label ='Autre' and id_category_type=1) where label_ticket_domain='Institutions parisiennes';update ticketing_model_reponses set label_ticket_domain = (select id_category from ticketing_category where label ='Sports et loisirs' and id_category_type=1) where label_ticket_domain='JO 2024';update ticketing_model_reponses set label_ticket_domain = (select id_category from ticketing_category where label ='Logement et habitat' and id_category_type=1  and code='SLC') where label_ticket_domain='Logement et Habitat';update ticketing_model_reponses set label_ticket_domain = (select id_category from ticketing_category where label ='Autre' and id_category_type=1) where label_ticket_domain='Logistique';update ticketing_model_reponses set label_ticket_domain = (select id_category from ticketing_category where label ='Social, santé et solidarités' and id_category_type=1) where label_ticket_domain='Maison départementale des personnes handicapées ';update ticketing_model_reponses set label_ticket_domain = (select id_category from ticketing_category where label ='Culture et patrimoine' and id_category_type=1) where label_ticket_domain='Musées parisiens';update ticketing_model_reponses set label_ticket_domain = (select id_category from ticketing_category where label ='Culture et patrimoine' and id_category_type=1) where label_ticket_domain='Patrimoine et architecture';update ticketing_model_reponses set label_ticket_domain = (select id_category from ticketing_category where label ='Petite enfance, enfance et éducation' and id_category_type=1) where label_ticket_domain='Petite enfance';update ticketing_model_reponses set label_ticket_domain = (select id_category from ticketing_category where label ='Prévention et sécurité' and id_category_type=1) where label_ticket_domain='Prévention et sécurité';update ticketing_model_reponses set label_ticket_domain = (select id_category from ticketing_category where label ='Propreté' and id_category_type=1) where label_ticket_domain='Propreté de la voie publique';update ticketing_model_reponses set label_ticket_domain = (select id_category from ticketing_category where label ='Autre' and id_category_type=1) where label_ticket_domain='Relations internationales';update ticketing_model_reponses set label_ticket_domain = (select id_category from ticketing_category where label ='Emploi et formation' and id_category_type=1) where label_ticket_domain='Ressources Humaines';update ticketing_model_reponses set label_ticket_domain = (select id_category from ticketing_category where label ='Social, santé et solidarités' and id_category_type=1) where label_ticket_domain='Social, Santé et Protection de l''enfance';update ticketing_model_reponses set label_ticket_domain = (select id_category from ticketing_category where label ='Sports et loisirs' and id_category_type=1) where label_ticket_domain='Sports';update ticketing_model_reponses set label_ticket_domain = (select id_category from ticketing_category where label ='Stationnement' and id_category_type=1) where label_ticket_domain='Stationnement';update ticketing_model_reponses set label_ticket_domain = (select id_category from ticketing_category where label ='Autre' and id_category_type=1) where label_ticket_domain='Taxes et impôts';update ticketing_model_reponses set label_ticket_domain = (select id_category from ticketing_category where label ='Déplacements et Transports ' and id_category_type=1) where label_ticket_domain='Transport';update ticketing_model_reponses set label_ticket_domain = (select id_category from ticketing_category where label ='Urbanisme' and id_category_type=1) where label_ticket_domain='Urbanisme';update ticketing_model_reponses set label_ticket_domain = (select id_category from ticketing_category where label ='Travaux, Aménagements, Voirie' and id_category_type=1) where label_ticket_domain='Voirie';update ticketing_model_reponses set label_ticket_domain = (select id_category from ticketing_category where label ='Autre' and id_category_type=1) where label_ticket_domain='Autre';update ticketing_model_reponses set label_ticket_domain = (select id_category from ticketing_category where label ='Autre' and id_category_type=1) where label_ticket_domain='Démarches Mairies';update ticketing_model_reponses set label_ticket_domain = (select id_category from ticketing_category where label ='facil''familles' and id_category_type=1) where label_ticket_domain='facil''familles';update ticketing_model_reponses set label_ticket_domain = (select id_category from ticketing_category where label ='Autre' and id_category_type=1) where label_ticket_domain='Mairie';